{
    "name": "comp",
    "description": "",
    "dependencies": {
        "core": "*",
        "radio": "*",
        "microphone": "*"
    },
    "files": [
        "main.blocks",
        "main.ts",
        "README.md",
        "displaySendBuffer.asm",
        "display.ts",
        "planetxiot.ts",
        "planetxbasic.ts",
        "nezha.ts",
        "planetxai.ts",
        "background.ts",
        "irreceiver.ts"
    ],
    "testFiles": [
        "test.ts"
    ],
    "targetVersions": {
        "target": "6.0.28",
        "targetId": "microbit"
    },
    "supportedTargets": [
        "microbit"
    ],
    "preferredEditor": "tsprj"
}
